{
  "t": 4,
  "easy": {
    "acc": 0.8066666666666666,
    "auc": 0.8280423280423281,
    "n_train": 600,
    "n_test": 150,
    "p_pos": 0.84
  },
  "hard": {
    "acc": 0.6733333333333333,
    "auc": 0.7217619721155789,
    "n_train": 600,
    "n_test": 150,
    "p_pos": 0.3293333333333333
  },
  "num_easy_examples": 750,
  "num_hard_examples": 750
}
