{
  "t": 4,
  "easy": {
    "acc": 0.7533333333333333,
    "auc": 0.6086781840096424,
    "n_train": 598,
    "n_test": 150,
    "p_pos": 0.8743315508021391
  },
  "hard": {
    "acc": 0.64,
    "auc": 0.6918,
    "n_train": 596,
    "n_test": 150,
    "p_pos": 0.6689008042895442
  },
  "num_easy_examples": 748,
  "num_hard_examples": 746
}
