{
  "t": 4,
  "easy": {
    "acc": 0.7666666666666667,
    "auc": 0.7730823863636364,
    "n_train": 600,
    "n_test": 150,
    "p_pos": 0.8506666666666667
  },
  "hard": {
    "acc": 0.7466666666666667,
    "auc": 0.7246732026143791,
    "n_train": 600,
    "n_test": 150,
    "p_pos": 0.32133333333333336
  },
  "num_easy_examples": 750,
  "num_hard_examples": 750
}
